tier,config,auc,auc_pr,sens,fpr_h
1. Cross-patient LOPO,V6b PDC LR,0.5702142857142858,0.41282857142857143,0.0009285714285714286,0.07060952380952382
1. Cross-patient LOPO,V6b PDC SVM,0.5825952380952379,0.4290238095238096,0.0009190476190476189,0.0056
2. Within-patient temporal,V8b PDC LR,0.5648666666666666,0.5396142857142857,0.0067380952380952375,0.2949809523809524
2. Within-patient temporal,V8b PDC SVM,0.5569190476190476,0.5227095238095238,0.007014285714285713,0.24185238095238096
3. Patient-specific LOSO,V11 PDC LR,0.48591653061224493,0.4514851133786848,0.4193877551020409,0.7511984693877551
3. Patient-specific LOSO,V11 PDC SVM,0.4489616666666667,0.42716885487528344,0.40623582766439903,0.4642924036281181
Literature,Truong 2018 (patient-spec),,,0.81,0.16
Literature,Khan 2018 (patient-spec),,,0.875,0.142
