method,auc,auc_pr,sensitivity,specificity,fpr_per_hour
V6b PDC LR (alarm-aggregated),0.5691666666666666,0.4121904761904762,0.0036904761904761906,0.998057142857143,0.7014999999999999
V6b PDC SVM (alarm-aggregated),0.5850190476190475,0.42761428571428567,0.003776190476190477,0.9980666666666668,0.6977047619047618
"V3 GC-CNN (alarm-aggregated, K=5)",0.5156869565217391,0.2263217391304348,0.001030434782608696,0.955686956521739,0.354304347826087
Truong et al. (2018) — patient-specific,,,0.81,,0.16
Khan et al. (2018) — patient-specific,,,0.875,,0.142
Mormann et al. (2007) clinical threshold,,,,,1.0
